case_id,source_kind,source_rel,archive_rel,file_rel,size_bytes,sha256,mtime_ns
FC300426-92545838,raw_html,raw_html/FC300426-92545838.html,raw_html/FC300426-92545838.html,FC300426-92545838.html,551956,24c84abe4fcdb16c784c5585c7e363a492e3141c3f6118f5b06c2aa2bdfec7c4,1777906160847025231
PU010526-92547722,raw_html,raw_html/PU010526-92547722.html,raw_html/PU010526-92547722.html,PU010526-92547722.html,578046,c6dba1cc0db4ad95d0a4cc01081de9240251a68218ae7be65878a4f4726afae4,1778478005946655815
PU010526-92548002,raw_html,raw_html/PU010526-92548002.html,raw_html/PU010526-92548002.html,PU010526-92548002.html,553946,47aeeea1566058997b1b4a0878aedd4dfdadfcdaa7e7e0b4da8f0b9f71a27c21,1777905120439931192
PU010526-92548348,raw_html,raw_html/PU010526-92548348.html,raw_html/PU010526-92548348.html,PU010526-92548348.html,555305,dbd2c9a64f55480d74890d9cb9bdcfb2701c1c8d366c77032be9c0e3323b3f44,1778060370609350104
PU020526-92548481,raw_html,raw_html/PU020526-92548481.html,raw_html/PU020526-92548481.html,PU020526-92548481.html,557842,586c43c56ae4173c4b3083b7d613dc1aeec832c9632bb9c65ebc1cc3df358664,1778478010007624382
PU020526-92549074,raw_html,raw_html/PU020526-92549074.html,raw_html/PU020526-92549074.html,PU020526-92549074.html,551873,cf4699e937adf1856ce06b7d2d9f7bc3ca66fed4c6349304bbc9d41dd119c6a4,1777905125588944747
PU030526-92551186,raw_html,raw_html/PU030526-92551186.html,raw_html/PU030526-92551186.html,PU030526-92551186.html,554528,8ec832a10bbbbde7581814c3b0f2d2550ea2e3ac6d054be60d63e834dd27b440,1777906171189327310
PU030526-92551286,raw_html,raw_html/PU030526-92551286.html,raw_html/PU030526-92551286.html,PU030526-92551286.html,552863,b4c22e8563dafa091ed5ec08c8067850b3dbf340807869e357fcc9a9f3ca6220,1778478014242020000
PU040526-92552117,raw_html,raw_html/PU040526-92552117.html,raw_html/PU040526-92552117.html,PU040526-92552117.html,591403,c5f2ce307628ff42a9663e62ea9e375cd06fed8d90ea0d08f751e5930c2c7e3b,1777986784254272078
PU040526-92552581,raw_html,raw_html/PU040526-92552581.html,raw_html/PU040526-92552581.html,PU040526-92552581.html,553217,eb319a50c7d146b0edd4fa29c73303da726246d7b461d1293d2a59757844ab39,1777906183645353430
PU040526-92553099,raw_html,raw_html/PU040526-92553099.html,raw_html/PU040526-92553099.html,PU040526-92553099.html,551396,4957b7ccda47b4d97538f671355c60ef95f112856ea8c8be362f93a94d7b62d2,1778060375167740538
PU040526-92553485,raw_html,raw_html/PU040526-92553485.html,raw_html/PU040526-92553485.html,PU040526-92553485.html,551872,24abc8ba1d9f976045c149809468a4a081968e852d90d302d51c97e58bad40f0,1778060379730946201
PU040526-92553495,raw_html,raw_html/PU040526-92553495.html,raw_html/PU040526-92553495.html,PU040526-92553495.html,565355,0d8e8720c8133e6aebb81e8131e7b5df00eb616a42ec468d8677efb26cc7008d,1778478018614130760
PU050526-92554649,raw_html,raw_html/PU050526-92554649.html,raw_html/PU050526-92554649.html,PU050526-92554649.html,553539,0a242ac3d95d6c8f3f910d586db398980a0efe963c137afc7afea53ce47138ec,1778478023124526817
PU050526-92554834,raw_html,raw_html/PU050526-92554834.html,raw_html/PU050526-92554834.html,PU050526-92554834.html,553337,243e426934cc16cac002a60fa32bb85f6c40197a622eaba585f3411a46941707,1778478027296227777
PU050526-92555275,raw_html,raw_html/PU050526-92555275.html,raw_html/PU050526-92555275.html,PU050526-92555275.html,553418,8bac82a90361b8c6957c664b1cbaf10e16d2dc8f6160edab255c541aef930873,1778478031499907957
PU050526-92555817,raw_html,raw_html/PU050526-92555817.html,raw_html/PU050526-92555817.html,PU050526-92555817.html,557934,6d18f11e6688e610871e5101446fcbbc6427136c6e823d18d4cc2ef54112cdf1,1778478035621211407
PU130426-92515434,raw_html,raw_html/PU130426-92515434.html,raw_html/PU130426-92515434.html,PU130426-92515434.html,573414,863409692747197058e361697cc3f101e24c6b083d26f3464e8df1b14d397a89,1778060384659368179
PU180426-92524519,raw_html,raw_html/PU180426-92524519.html,raw_html/PU180426-92524519.html,PU180426-92524519.html,607310,6fae7cf6f95a27ffbdfa5fa4b97c4ae815fac9a3d41e3b988017b71bfa5acaa1,1777877963260229833
PU190426-92526431,raw_html,raw_html/PU190426-92526431.html,raw_html/PU190426-92526431.html,PU190426-92526431.html,580539,08e42240601b6f4bc5b85e2a3d50c86e50e55cede16fcc779dac7fa6c276d854,1777877968202271099
PU210426-92530108,raw_html,raw_html/PU210426-92530108.html,raw_html/PU210426-92530108.html,PU210426-92530108.html,585805,92de452873fa577f484101bb01210cbecde2df9b49dda5c051c9ad2b6aee7617,1778060389126612298
PU210426-92530379,raw_html,raw_html/PU210426-92530379.html,raw_html/PU210426-92530379.html,PU210426-92530379.html,588015,9c40b41edc016519047dda69d70d486493369219ac045f79e43589684f8b1be0,1778060393809026387
PU230426-92531455,raw_html,raw_html/PU230426-92531455.html,raw_html/PU230426-92531455.html,PU230426-92531455.html,551832,ba67b363ed4a2b5cdecf53b8471ff0068cb8eb39183a4a271758b12b2ca31ceb,1777655683732965977
PU240326-92478936,raw_html,raw_html/PU240326-92478936.html,raw_html/PU240326-92478936.html,PU240326-92478936.html,574934,6d14f3c6d1c8ddc12eac8f08cafafe39f99c4621a4cbf57b28606f2f8c4c20f3,1777905130899958694
PU240426-92533367,raw_html,raw_html/PU240426-92533367.html,raw_html/PU240426-92533367.html,PU240426-92533367.html,575192,122edf5ff1bfa6435b6c695096395bc56bfc1b2a96b2a876b15930143e820679,1777905136162972481
PU240426-92533834,raw_html,raw_html/PU240426-92533834.html,raw_html/PU240426-92533834.html,PU240426-92533834.html,579969,ff22159918c591e33e28cf72b0880cb738effbfa99359c92668fb4a5ee1c6676,1778067193919476077
PU250426-92535352,raw_html,raw_html/PU250426-92535352.html,raw_html/PU250426-92535352.html,PU250426-92535352.html,587387,b0f33e6b95eb655373b8f15fc6bae0cc003fd6cddf833ce09bdca8097c4ad869,1777986789226275816
PU260426-92537580,raw_html,raw_html/PU260426-92537580.html,raw_html/PU260426-92537580.html,PU260426-92537580.html,574284,2837fea0004d9ea0386c3c8a20fed7dbc5f4a0c791ea1719cca11ff0bb5fc692,1777959195037226013
PU260426-92537964,raw_html,raw_html/PU260426-92537964.html,raw_html/PU260426-92537964.html,PU260426-92537964.html,553897,94fa800854b67b9062776440eeeb203fa2a5e857ac4a63e65dfa40f84aeb7a2b,1777655708041875815
PU280426-92541139,raw_html,raw_html/PU280426-92541139.html,raw_html/PU280426-92541139.html,PU280426-92541139.html,584095,1c221e4fef93e1cd0c87e17a9723a0b510142acc15389300d4d3d34437027339,1778060398351781164
PU280426-92542481,raw_html,raw_html/PU280426-92542481.html,raw_html/PU280426-92542481.html,PU280426-92542481.html,552528,3096334559c0d2434481c07831995ade66d47ea4fb7af1a664c18c9b12aeffef,1778060402672367335
PU290426-92543339,raw_html,raw_html/PU290426-92543339.html,raw_html/PU290426-92543339.html,PU290426-92543339.html,567827,d8f70d245d78d0795283dd507cb72cdaeafa238a42050073cf4ffca24104ba20,1777959199571184378
PU290426-92543366,raw_html,raw_html/PU290426-92543366.html,raw_html/PU290426-92543366.html,PU290426-92543366.html,554955,aa5a79ee03c9359f31b9ecf58113403a36de007637d4280fd83da1047c72980a,1777905146759000141
PU290426-92543632,raw_html,raw_html/PU290426-92543632.html,raw_html/PU290426-92543632.html,PU290426-92543632.html,556072,fe76bb4681931dd58b709ffcb8b3a7ba9e3af3c35a12fecd2af399ea6a918bfc,1777905151937013612
PU290426-92544562,raw_html,raw_html/PU290426-92544562.html,raw_html/PU290426-92544562.html,PU290426-92544562.html,556495,4beb4d44e62e5108ec73c383bd19f05de2900aa1d6198a94c4c73ee2b2681fd7,1777905157254027410
FC300426-92545838,artifacts,artifacts/FC300426-92545838/meta.json,artifacts/FC300426-92545838/meta.json,meta.json,443,e2e0fb5a07355e45984f82d422d74ae29eb61e2f43bf390f8436c837feefc1f5,1777906219035532343
FC300426-92545838,artifacts,artifacts/FC300426-92545838/v1/attachments/Mudassar_Saleem.pdf,artifacts/FC300426-92545838/v1/attachments/Mudassar_Saleem.pdf,v1/attachments/Mudassar_Saleem.pdf,90449,147f35a4f80ba08cbd1af862eb2a0789684faabfc30b47684a36d7ffdbed94cc,1777906199755011933
FC300426-92545838,artifacts,artifacts/FC300426-92545838/v1/complaint.pdf,artifacts/FC300426-92545838/v1/complaint.pdf,v1/complaint.pdf,179713,93cc087143044a4f26280468c486537ffda04b3ff250ed2a0bbcba9648c178f8,1777906219024561641
FC300426-92545838,artifacts,artifacts/FC300426-92545838/v1/snapshot.json,artifacts/FC300426-92545838/v1/snapshot.json,v1/snapshot.json,2402,0c16bf2d8e41103cf69996db6b3dedfa544f6475514f3e02a98db932a3a65ee6,1777906219035460530
PU010526-92547722,artifacts,artifacts/PU010526-92547722/meta.json,artifacts/PU010526-92547722/meta.json,meta.json,572,be9523b6621335297435096d5a8c9a32a4fe066906454aee2d95f89bf6e4d6ca,1778479831522488703
PU010526-92547722,artifacts,artifacts/PU010526-92547722/v1/complaint.pdf,artifacts/PU010526-92547722/v1/complaint.pdf,v1/complaint.pdf,181450,2eeb5496dc111ce145abe5c81a2f192249aecad6237e91c674cfbbfc99c55cb8,1777906239618573660
PU010526-92547722,artifacts,artifacts/PU010526-92547722/v1/snapshot.json,artifacts/PU010526-92547722/v1/snapshot.json,v1/snapshot.json,3846,d51ae37ba66aef593c5a2e749050d82bd624ba4f1b4c5b8b494ead6a39db0933,1777906239629847365
PU010526-92547722,artifacts,artifacts/PU010526-92547722/v2/complaint.pdf,artifacts/PU010526-92547722/v2/complaint.pdf,v2/complaint.pdf,192594,e44a536993d0d5ab53e56ac6bc6d4cfea8e5a2a631219c0322cf33bba9510878,1777959228538859448
PU010526-92547722,artifacts,artifacts/PU010526-92547722/v2/snapshot.json,artifacts/PU010526-92547722/v2/snapshot.json,v2/snapshot.json,5871,ee628634f84178f172b8de5a07f266d6ee908e8938e7dc72f5f156f5b4f997ea,1777959228544407037
PU010526-92547722,artifacts,artifacts/PU010526-92547722/v3/attachments/reply.jpeg,artifacts/PU010526-92547722/v3/attachments/reply.jpeg,v3/attachments/reply.jpeg,107965,ec774a1377548f0aae4cde57c02c6e0239e8f5d6a41f9891d4f6386161c04097,1778479813360082837
PU010526-92547722,artifacts,artifacts/PU010526-92547722/v3/complaint.pdf,artifacts/PU010526-92547722/v3/complaint.pdf,v3/complaint.pdf,199764,8a1d32d79a38fad45c13aaeac3212d937075945db76d64fa1c6d7123cc77842e,1778479831515046534
PU010526-92547722,artifacts,artifacts/PU010526-92547722/v3/snapshot.json,artifacts/PU010526-92547722/v3/snapshot.json,v3/snapshot.json,8560,26228a06031916765c21cf4b29e0003f7f8b2341b07fc17b46efd13e1ab8ff3e,1778479831522391319
PU010526-92548002,artifacts,artifacts/PU010526-92548002/meta.json,artifacts/PU010526-92548002/meta.json,meta.json,659,abe53203f0b6b6dd069db01a906e33492d071d3e9d6007479e06d6672332a853,1777905273566519191
PU010526-92548002,artifacts,artifacts/PU010526-92548002/v1/complaint.pdf,artifacts/PU010526-92548002/v1/complaint.pdf,v1/complaint.pdf,183988,186e6a0f6393b69237ddf1d6ec9c2d8d4302e2e3b632ffcb24d7470ab9bf3e53,1777905273546321849
PU010526-92548002,artifacts,artifacts/PU010526-92548002/v1/snapshot.json,artifacts/PU010526-92548002/v1/snapshot.json,v1/snapshot.json,3878,2bbe0db835471a1f6a8a1e0e6897b000e47854fae1201713b4a346a5845e12ca,1777905273566284791
PU010526-92548348,artifacts,artifacts/PU010526-92548348/meta.json,artifacts/PU010526-92548348/meta.json,meta.json,595,d57fe29e35a6509f225e5a75c03e3157c2e0bd133644a0a185642db79d682905,1778060629956293278
PU010526-92548348,artifacts,artifacts/PU010526-92548348/v1/attachments/43ca2ca5ce6e087036363e5f4bdfc4677e34b84d.jpg,artifacts/PU010526-92548348/v1/attachments/43ca2ca5ce6e087036363e5f4bdfc4677e34b84d.jpg,v1/attachments/43ca2ca5ce6e087036363e5f4bdfc4677e34b84d.jpg,689369,88d16ebeb615a91334a2cb9be80ac02a70bb5422b57b9172d9b8a3e8e66a3a34,1778060610919848560
PU010526-92548348,artifacts,artifacts/PU010526-92548348/v1/attachments/681bd49fc4fe28c9b1ae1dc1717cc7e8af9b41dc.jpg,artifacts/PU010526-92548348/v1/attachments/681bd49fc4fe28c9b1ae1dc1717cc7e8af9b41dc.jpg,v1/attachments/681bd49fc4fe28c9b1ae1dc1717cc7e8af9b41dc.jpg,696267,9a0e2605317bbc9ad414fc5a9218b62a14fa10e6ea6f91a0aa984b787c6140be,1778060610917772829
PU010526-92548348,artifacts,artifacts/PU010526-92548348/v1/complaint.pdf,artifacts/PU010526-92548348/v1/complaint.pdf,v1/complaint.pdf,184043,74519e4f1b629aa080e5718d994da11c85abba38e58102348d03b73077b6837d,1778060629943052767
PU010526-92548348,artifacts,artifacts/PU010526-92548348/v1/snapshot.json,artifacts/PU010526-92548348/v1/snapshot.json,v1/snapshot.json,4706,8d920a5ae36126d16790981e3e7420047c0d2a41c1f7af0268d977b0b55ee6eb,1778060629956195056
PU020526-92548481,artifacts,artifacts/PU020526-92548481/meta.json,artifacts/PU020526-92548481/meta.json,meta.json,518,b43824ac3d511d8386091fee3b853104dee70bd40eb700018460c68531c390f0,1778479849004214313
PU020526-92548481,artifacts,artifacts/PU020526-92548481/v1/complaint.pdf,artifacts/PU020526-92548481/v1/complaint.pdf,v1/complaint.pdf,238336,274d5f5a1566238f292da7e0e122eb815738f31fdd968233d72054c8d57e1110,1778479848998930212
PU020526-92548481,artifacts,artifacts/PU020526-92548481/v1/snapshot.json,artifacts/PU020526-92548481/v1/snapshot.json,v1/snapshot.json,4210,4f194a40ce12d84d19c06cd7d3f3be12fca6ec8b04c72f4244921e19fa0b6acf,1778479849004160542
PU020526-92549074,artifacts,artifacts/PU020526-92549074/meta.json,artifacts/PU020526-92549074/meta.json,meta.json,528,f6c0d1ed4cc4f327da2f68b79549c03a6a5d2e3bb32d5ae8e01482efdd43dbcc,1777905433440185033
PU020526-92549074,artifacts,artifacts/PU020526-92549074/v1/complaint.pdf,artifacts/PU020526-92549074/v1/complaint.pdf,v1/complaint.pdf,178535,644bdaab72eceee39901bc3724c552dff48b924ce75c3a6cf37e38633c0b1a46,1777905433424675371
PU020526-92549074,artifacts,artifacts/PU020526-92549074/v1/snapshot.json,artifacts/PU020526-92549074/v1/snapshot.json,v1/snapshot.json,2197,1e475065c18efd4a2cfd7f9f5d9a6810572257ba139007a219aeef2ca36e74ea,1777905433439707395
PU030526-92551186,artifacts,artifacts/PU030526-92551186/meta.json,artifacts/PU030526-92551186/meta.json,meta.json,567,babc0d02ac9d735f1476ac2907e4ba479782a08aacef09bd87f7d9fb7bd44ec0,1777906261494576083
PU030526-92551186,artifacts,artifacts/PU030526-92551186/v1/attachments/5783cb67a6128fd2610b0c332af311e7a957635c.jpg,artifacts/PU030526-92551186/v1/attachments/5783cb67a6128fd2610b0c332af311e7a957635c.jpg,v1/attachments/5783cb67a6128fd2610b0c332af311e7a957635c.jpg,2735429,4227198ccf95fa8d17eb8b8a78293e2dae150c88ad1f6a352566b81eeeb2ea91,1777906242475424467
PU030526-92551186,artifacts,artifacts/PU030526-92551186/v1/complaint.pdf,artifacts/PU030526-92551186/v1/complaint.pdf,v1/complaint.pdf,184013,0c9cc2093bb17fffbbaae67e38c912f2bc09e5ed43509886fe30c0aeac0bffa9,1777906261484224060
PU030526-92551186,artifacts,artifacts/PU030526-92551186/v1/snapshot.json,artifacts/PU030526-92551186/v1/snapshot.json,v1/snapshot.json,4282,52306aadbfb63001ef56fe0ec068a3dc533b7ba0dd2acbfe4d81c71371ba7cea,1777906261494462702
PU030526-92551286,artifacts,artifacts/PU030526-92551286/meta.json,artifacts/PU030526-92551286/meta.json,meta.json,554,8fcf8422f4310bc819269bbf59159ac543438db2da50c945c9ae835dcb9587a4,1778479866414495669
PU030526-92551286,artifacts,artifacts/PU030526-92551286/v1/complaint.pdf,artifacts/PU030526-92551286/v1/complaint.pdf,v1/complaint.pdf,182563,1d9dae13b5e5aec25d4c6b29b7d2dfe87169c0affbd6869a56f76203fe302078,1778479866409042868
PU030526-92551286,artifacts,artifacts/PU030526-92551286/v1/snapshot.json,artifacts/PU030526-92551286/v1/snapshot.json,v1/snapshot.json,3109,cbc3bfd510f2bad5a597a65b996355d052f27cb57a9dd048444b0797db67f9ff,1778479866414443429
PU040526-92552117,artifacts,artifacts/PU040526-92552117/meta.json,artifacts/PU040526-92552117/meta.json,meta.json,517,9a9ed9c6f571e0c5256d795c202a71631799cfcd982541430cfca0c40358e073,1777986818857545641
PU040526-92552117,artifacts,artifacts/PU040526-92552117/v1/complaint.pdf,artifacts/PU040526-92552117/v1/complaint.pdf,v1/complaint.pdf,183670,f36726c8461af87f4c68812e3b584951536d931ff4eb097ef37e5e781ee9f9ac,1777906280125488488
PU040526-92552117,artifacts,artifacts/PU040526-92552117/v1/snapshot.json,artifacts/PU040526-92552117/v1/snapshot.json,v1/snapshot.json,3996,857d72be39de29510ff2541f2dcd25a5cb87327b68a669a9d52dffd878476a61,1777906280136968326
PU040526-92552117,artifacts,artifacts/PU040526-92552117/v2/attachments/Screenshot_20260505_102625.png,artifacts/PU040526-92552117/v2/attachments/Screenshot_20260505_102625.png,v2/attachments/Screenshot_20260505_102625.png,92071,b69fb9a561ddd27386464ab41a11ca1564200a409ece332067f70107eba7c0e3,1777986800003633403
PU040526-92552117,artifacts,artifacts/PU040526-92552117/v2/complaint.pdf,artifacts/PU040526-92552117/v2/complaint.pdf,v2/complaint.pdf,199891,014c2830fef4665098ba92c08be3d7bbe7a83a209e64ef0ac8538d489d3940fb,1777986818845618598
PU040526-92552117,artifacts,artifacts/PU040526-92552117/v2/snapshot.json,artifacts/PU040526-92552117/v2/snapshot.json,v2/snapshot.json,7409,3c042b5aba7ed42b508cd250e4fcc02e6fdce93b413b11fbd63d5c96e2526526,1777986818857400985
PU040526-92552581,artifacts,artifacts/PU040526-92552581/meta.json,artifacts/PU040526-92552581/meta.json,meta.json,511,ccff2de8bfc457548bcd956f9221ed6e89ecd793735e482c7e3144e3da4e1683,1777906299838169267
PU040526-92552581,artifacts,artifacts/PU040526-92552581/v1/complaint.pdf,artifacts/PU040526-92552581/v1/complaint.pdf,v1/complaint.pdf,182388,5632cf96d9f25c19e468d9c1bb40dca4385650a11ecfca4fc36010eaf33f8e5f,1777906299829320631
PU040526-92552581,artifacts,artifacts/PU040526-92552581/v1/snapshot.json,artifacts/PU040526-92552581/v1/snapshot.json,v1/snapshot.json,3644,ba3561ef2fb80fba0a38ce143207faa639b42d7ce595cdebc0377758cf934b79,1777906299838048980
PU040526-92553099,artifacts,artifacts/PU040526-92553099/meta.json,artifacts/PU040526-92553099/meta.json,meta.json,466,e076e9880d5a80dcf556ae54ce0b249bb695080e7825b2d436f097859832839e,1778060648039040429
PU040526-92553099,artifacts,artifacts/PU040526-92553099/v1/complaint.pdf,artifacts/PU040526-92553099/v1/complaint.pdf,v1/complaint.pdf,177653,7e10e84ed477fbfe8f1be5a9b939e8b06dcf97f18378412b981940adf22e067c,1778060648031220057
PU040526-92553099,artifacts,artifacts/PU040526-92553099/v1/snapshot.json,artifacts/PU040526-92553099/v1/snapshot.json,v1/snapshot.json,1906,1736e625b311de38b8596124056c9ffee96d79c054b6845f81619a33a505f622,1778060648038974632
PU040526-92553485,artifacts,artifacts/PU040526-92553485/meta.json,artifacts/PU040526-92553485/meta.json,meta.json,475,568c2cd997efc4ecafb29cc30b7ae1f4f5ec61850248248826ebeec685dfd70f,1778060666231998117
PU040526-92553485,artifacts,artifacts/PU040526-92553485/v1/complaint.pdf,artifacts/PU040526-92553485/v1/complaint.pdf,v1/complaint.pdf,180307,4da02aceaf298da48ae522b9d5f35417ca448a7fb697748a6aac8975b389e594,1778060666223493013
PU040526-92553485,artifacts,artifacts/PU040526-92553485/v1/snapshot.json,artifacts/PU040526-92553485/v1/snapshot.json,v1/snapshot.json,2380,ec8b6b6664f49de9f5738aed942dd2462c064278e38456b764f108c04d3d141f,1778060666231931369
PU040526-92553495,artifacts,artifacts/PU040526-92553495/meta.json,artifacts/PU040526-92553495/meta.json,meta.json,554,1b078f681d443cbafd053adc85d5731a16c67ec60794a0ac28abfa8dc293d47b,1778479884186093380
PU040526-92553495,artifacts,artifacts/PU040526-92553495/v1/attachments/366d08755b0f4badafbbaea8bda63a45fc46b3a6.mp4,artifacts/PU040526-92553495/v1/attachments/366d08755b0f4badafbbaea8bda63a45fc46b3a6.mp4,v1/attachments/366d08755b0f4badafbbaea8bda63a45fc46b3a6.mp4,367535,1bbd0283818c79371380b3e0a6e9ec629424517a69a3c5e655c43e7ba3a0c795,1778479866744635609
PU040526-92553495,artifacts,artifacts/PU040526-92553495/v1/complaint.pdf,artifacts/PU040526-92553495/v1/complaint.pdf,v1/complaint.pdf,186272,dfec78584ef70354e3ec551df8010fd87029b3c78f5d17d396ebf6f4681ab04d,1778479884180214695
PU040526-92553495,artifacts,artifacts/PU040526-92553495/v1/snapshot.json,artifacts/PU040526-92553495/v1/snapshot.json,v1/snapshot.json,4693,16e9c071ea3c8b4f06036d4e88ea41feb03162a2d4db691d758c7dc9e234c9a2,1778479884186039035
PU050526-92554649,artifacts,artifacts/PU050526-92554649/meta.json,artifacts/PU050526-92554649/meta.json,meta.json,556,70dc5dfc13c6fc7ba11433a7dc15c90cabcf98cb5035ccb81c2a71fc5b9089b5,1778479902021865837
PU050526-92554649,artifacts,artifacts/PU050526-92554649/v1/attachments/591a378cc7f4a2d87e848e79f679987d87067a1f.pdf,artifacts/PU050526-92554649/v1/attachments/591a378cc7f4a2d87e848e79f679987d87067a1f.pdf,v1/attachments/591a378cc7f4a2d87e848e79f679987d87067a1f.pdf,663912,125d079ea6a1a367df0436584a91c98451f5ab8c796ff335037f5358776e8ddb,1778479884544644410
PU050526-92554649,artifacts,artifacts/PU050526-92554649/v1/complaint.pdf,artifacts/PU050526-92554649/v1/complaint.pdf,v1/complaint.pdf,181322,49cab8381e9f35232645cb1068e24e0a327ddf1b875ffb7c7c6b860e9e23b263,1778479902016633700
PU050526-92554649,artifacts,artifacts/PU050526-92554649/v1/snapshot.json,artifacts/PU050526-92554649/v1/snapshot.json,v1/snapshot.json,3445,4c0e99899b98e1915071c2192e7b7802e2813f467f57378081d040c44ef029e5,1778479902021810887
PU050526-92554834,artifacts,artifacts/PU050526-92554834/meta.json,artifacts/PU050526-92554834/meta.json,meta.json,576,06232c10a3f54d282f7beca1943bf2816ab10e056b83b1a871d89cf74fb82fcb,1778479919422603313
PU050526-92554834,artifacts,artifacts/PU050526-92554834/v1/complaint.pdf,artifacts/PU050526-92554834/v1/complaint.pdf,v1/complaint.pdf,182977,062b967776a8aed18dc6b2fcfb3d92e088f6d9c5fdb7e0b6891bd4690157daf3,1778479919415843206
PU050526-92554834,artifacts,artifacts/PU050526-92554834/v1/snapshot.json,artifacts/PU050526-92554834/v1/snapshot.json,v1/snapshot.json,3579,57153d3f102d4e34818915aeb33e2881ce84b508c11f7a1a61a53205742f8c91,1778479919422509962
PU050526-92555275,artifacts,artifacts/PU050526-92555275/meta.json,artifacts/PU050526-92555275/meta.json,meta.json,561,8ee9610568ff86c074c1eda5fc8f49daad9e780fcbc29af1dbbe60fe8b46bd1f,1778479936889609770
PU050526-92555275,artifacts,artifacts/PU050526-92555275/v1/complaint.pdf,artifacts/PU050526-92555275/v1/complaint.pdf,v1/complaint.pdf,180692,9761992a5b038f734cecac5aa23a928b10a54c07e1be6b75f5c4e36e6e6fe27d,1778479936883478167
PU050526-92555275,artifacts,artifacts/PU050526-92555275/v1/snapshot.json,artifacts/PU050526-92555275/v1/snapshot.json,v1/snapshot.json,3726,4699bb81e7c95efccf40f4b9514858f11c589f41abd9a08a8c0ac45d5ae90cae,1778479936889518987
PU050526-92555817,artifacts,artifacts/PU050526-92555817/meta.json,artifacts/PU050526-92555817/meta.json,meta.json,613,884756c90482e561eb287de8e3b7cd07f134702f30b51f72e67040b44190127a,1778479954351065105
PU050526-92555817,artifacts,artifacts/PU050526-92555817/v1/complaint.pdf,artifacts/PU050526-92555817/v1/complaint.pdf,v1/complaint.pdf,237839,2df5e37369028e02479a7c2b2ab077ac0672daf4a0074b9565b367367044dd52,1778479954345502430
PU050526-92555817,artifacts,artifacts/PU050526-92555817/v1/snapshot.json,artifacts/PU050526-92555817/v1/snapshot.json,v1/snapshot.json,4241,82dd4baea1c60f561d7b3bc7b42d35dbb097b14fb6ca54a0920bd83db6590b37,1778479954350979955
PU130426-92515434,artifacts,artifacts/PU130426-92515434/meta.json,artifacts/PU130426-92515434/meta.json,meta.json,622,d7422701152f8fcbe65b9f2c6110bc17d0e5a0f2f4ab57e53f8be42efee0467c,1778060684925131676
PU130426-92515434,artifacts,artifacts/PU130426-92515434/v1/attachments/49d2e359e5d1ed6eaaeeb5de3e04e1b796696c9f.jpg,artifacts/PU130426-92515434/v1/attachments/49d2e359e5d1ed6eaaeeb5de3e04e1b796696c9f.jpg,v1/attachments/49d2e359e5d1ed6eaaeeb5de3e04e1b796696c9f.jpg,537723,70f702b166a8894777e6cdbe4b39eaa7539c9ba7b63af1c773751f9d6a5216e7,1778060666835681065
PU130426-92515434,artifacts,artifacts/PU130426-92515434/v1/attachments/93c097101ce7f468fe11a25c86dab9ed4444fc9c.jpg,artifacts/PU130426-92515434/v1/attachments/93c097101ce7f468fe11a25c86dab9ed4444fc9c.jpg,v1/attachments/93c097101ce7f468fe11a25c86dab9ed4444fc9c.jpg,543790,0e00c4b0de968c0362407721b21dbceb02394e0904d71fe5cb89e99a5b4fa3c9,1778060666813304911
PU130426-92515434,artifacts,artifacts/PU130426-92515434/v1/attachments/a3e810b171868bdef14f8cd0eb1d0da65b92c916.jpg,artifacts/PU130426-92515434/v1/attachments/a3e810b171868bdef14f8cd0eb1d0da65b92c916.jpg,v1/attachments/a3e810b171868bdef14f8cd0eb1d0da65b92c916.jpg,986747,da933e7904b8cf21ed54660e0695f935b71d01684161c8802c218a6d009b3f4a,1778060666937117037
PU130426-92515434,artifacts,artifacts/PU130426-92515434/v1/attachments/e949d3aeaba734f8267f7436eb5cd7bb3fc272df.jpg,artifacts/PU130426-92515434/v1/attachments/e949d3aeaba734f8267f7436eb5cd7bb3fc272df.jpg,v1/attachments/e949d3aeaba734f8267f7436eb5cd7bb3fc272df.jpg,358208,5190c611b9b63b56ee7d88cb8234e930c7c8e04c68a533b13a57dc5b000eadfa,1778060666699465974
PU130426-92515434,artifacts,artifacts/PU130426-92515434/v1/complaint.pdf,artifacts/PU130426-92515434/v1/complaint.pdf,v1/complaint.pdf,188227,a6505fc80be7a0108ab18e49a4ed77987347b2a4a3f9e5d8610859a750496a18,1778060684915336629
PU130426-92515434,artifacts,artifacts/PU130426-92515434/v1/snapshot.json,artifacts/PU130426-92515434/v1/snapshot.json,v1/snapshot.json,6314,5990fa62d86735ca5d01ceb72ccfe6e29666253b47863526937f8908cf044fc8,1778060684925048399
PU180426-92524519,artifacts,artifacts/PU180426-92524519/meta.json,artifacts/PU180426-92524519/meta.json,meta.json,523,0d80bb944485870d10f309ec1567fde06bc96c2f3026094360d01b264223b2ab,1777878021875668796
PU180426-92524519,artifacts,artifacts/PU180426-92524519/v1/attachments/7de95f65cf3a94e32d5718d67d7cdb2dadbfc4c3.jpg,artifacts/PU180426-92524519/v1/attachments/7de95f65cf3a94e32d5718d67d7cdb2dadbfc4c3.jpg,v1/attachments/7de95f65cf3a94e32d5718d67d7cdb2dadbfc4c3.jpg,116124,59a7df35761ce007798334e38bb37ad1a2dabc2e2f1ceee11508aafacb6aa881,1777658484396806297
PU180426-92524519,artifacts,artifacts/PU180426-92524519/v1/attachments/8dca4012f62712d36929719dcbae146ca8776b8a.jpg,artifacts/PU180426-92524519/v1/attachments/8dca4012f62712d36929719dcbae146ca8776b8a.jpg,v1/attachments/8dca4012f62712d36929719dcbae146ca8776b8a.jpg,98433,2fc3dadca6ceb7afcd200cbba4705185b22688d14e4e2a60681b20e8d52722a5,1777658484339191437
PU180426-92524519,artifacts,artifacts/PU180426-92524519/v1/attachments/96fe6f4678023eab105f819a44287e7bc63ad979.jpg,artifacts/PU180426-92524519/v1/attachments/96fe6f4678023eab105f819a44287e7bc63ad979.jpg,v1/attachments/96fe6f4678023eab105f819a44287e7bc63ad979.jpg,168855,5960c06a28c190b3f9042eb74e83fa5ec843ff36bc7b9d032bf9bbe97ba5edfa,1777658485226376563
PU180426-92524519,artifacts,artifacts/PU180426-92524519/v1/attachments/f84a67181f617bb0a97dbc28820699cd0913c2cc.jpg,artifacts/PU180426-92524519/v1/attachments/f84a67181f617bb0a97dbc28820699cd0913c2cc.jpg,v1/attachments/f84a67181f617bb0a97dbc28820699cd0913c2cc.jpg,119633,5742f4059af1efe4958d51a42be69f87eb31ad283b984347c48a96c3335f91ff,1777658484286272022
PU180426-92524519,artifacts,artifacts/PU180426-92524519/v1/complaint.pdf,artifacts/PU180426-92524519/v1/complaint.pdf,v1/complaint.pdf,220649,336e1c457e223b32d7601cb74b96d3f609fc01d15fdc21cb9355701a310221cb,1777658505802838016
PU180426-92524519,artifacts,artifacts/PU180426-92524519/v1/snapshot.json,artifacts/PU180426-92524519/v1/snapshot.json,v1/snapshot.json,14898,021c1807a764af19ac5a8a07d77e6af94e22b54426c8ff551754859c616fb8ad,1777658505896276696
PU180426-92524519,artifacts,artifacts/PU180426-92524519/v2/attachments/7de95f65cf3a94e32d5718d67d7cdb2dadbfc4c3.jpg,artifacts/PU180426-92524519/v2/attachments/7de95f65cf3a94e32d5718d67d7cdb2dadbfc4c3.jpg,v2/attachments/7de95f65cf3a94e32d5718d67d7cdb2dadbfc4c3.jpg,116124,59a7df35761ce007798334e38bb37ad1a2dabc2e2f1ceee11508aafacb6aa881,1777878001814544471
PU180426-92524519,artifacts,artifacts/PU180426-92524519/v2/attachments/8dca4012f62712d36929719dcbae146ca8776b8a.jpg,artifacts/PU180426-92524519/v2/attachments/8dca4012f62712d36929719dcbae146ca8776b8a.jpg,v2/attachments/8dca4012f62712d36929719dcbae146ca8776b8a.jpg,98433,2fc3dadca6ceb7afcd200cbba4705185b22688d14e4e2a60681b20e8d52722a5,1777878002845169354
PU180426-92524519,artifacts,artifacts/PU180426-92524519/v2/attachments/96fe6f4678023eab105f819a44287e7bc63ad979.jpg,artifacts/PU180426-92524519/v2/attachments/96fe6f4678023eab105f819a44287e7bc63ad979.jpg,v2/attachments/96fe6f4678023eab105f819a44287e7bc63ad979.jpg,168855,5960c06a28c190b3f9042eb74e83fa5ec843ff36bc7b9d032bf9bbe97ba5edfa,1777878001820080711
PU180426-92524519,artifacts,artifacts/PU180426-92524519/v2/attachments/f84a67181f617bb0a97dbc28820699cd0913c2cc.jpg,artifacts/PU180426-92524519/v2/attachments/f84a67181f617bb0a97dbc28820699cd0913c2cc.jpg,v2/attachments/f84a67181f617bb0a97dbc28820699cd0913c2cc.jpg,119633,5742f4059af1efe4958d51a42be69f87eb31ad283b984347c48a96c3335f91ff,1777878001854855455
PU180426-92524519,artifacts,artifacts/PU180426-92524519/v2/complaint.pdf,artifacts/PU180426-92524519/v2/complaint.pdf,v2/complaint.pdf,226092,8d97d52be17e6d1852ebec6ef2234fae690ba762e4398efe509357f87780acf4,1777878021836701716
PU180426-92524519,artifacts,artifacts/PU180426-92524519/v2/snapshot.json,artifacts/PU180426-92524519/v2/snapshot.json,v2/snapshot.json,16134,e343eed1ef32e57577d541b15b1ce035da60686a147513514f464e85bc6b0d99,1777878021875567928
PU190426-92526431,artifacts,artifacts/PU190426-92526431/meta.json,artifacts/PU190426-92526431/meta.json,meta.json,604,5adfa007e0f4d6aac35d2be9ae77ba560358808a813852bdd2ab3555ffdaed75,1777878042115435098
PU190426-92526431,artifacts,artifacts/PU190426-92526431/v1/attachments/1effa278fc57f60c87b00248254efb53c86eec4e.jpg,artifacts/PU190426-92526431/v1/attachments/1effa278fc57f60c87b00248254efb53c86eec4e.jpg,v1/attachments/1effa278fc57f60c87b00248254efb53c86eec4e.jpg,186283,de01bb817524be1ebf802f2a36d02fb2c1d8318944974962a874a35a3d236dd0,1777658511725090483
PU190426-92526431,artifacts,artifacts/PU190426-92526431/v1/complaint.pdf,artifacts/PU190426-92526431/v1/complaint.pdf,v1/complaint.pdf,247302,5e89fcb1c69c9928b12396a43ae2908ab4cbf910c3d784498a71340d74f091a4,1777658532576326714
PU190426-92526431,artifacts,artifacts/PU190426-92526431/v1/snapshot.json,artifacts/PU190426-92526431/v1/snapshot.json,v1/snapshot.json,6253,f828eb83898be5b1fc1897d9fa13c3a7a5e31aea608af93687513de5f56c8693,1777658532663366099
PU190426-92526431,artifacts,artifacts/PU190426-92526431/v2/attachments/1effa278fc57f60c87b00248254efb53c86eec4e.jpg,artifacts/PU190426-92526431/v2/attachments/1effa278fc57f60c87b00248254efb53c86eec4e.jpg,v2/attachments/1effa278fc57f60c87b00248254efb53c86eec4e.jpg,186283,de01bb817524be1ebf802f2a36d02fb2c1d8318944974962a874a35a3d236dd0,1777878022729254366
PU190426-92526431,artifacts,artifacts/PU190426-92526431/v2/attachments/55a8a83b5c998624cb69e07860689c83dda1dfc6,artifacts/PU190426-92526431/v2/attachments/55a8a83b5c998624cb69e07860689c83dda1dfc6,v2/attachments/55a8a83b5c998624cb69e07860689c83dda1dfc6,169569,2e2fb915b587c6e8274c9d2e43f8b8a849e177e1e6e1f1c9b52e9136b65d12e0,1777878022729953714
PU190426-92526431,artifacts,artifacts/PU190426-92526431/v2/attachments/661b3c5bb34959cdf84fbf5575423e01887fb052,artifacts/PU190426-92526431/v2/attachments/661b3c5bb34959cdf84fbf5575423e01887fb052,v2/attachments/661b3c5bb34959cdf84fbf5575423e01887fb052,68661,e2f31acd53e5c998ece6b39aba2ea4002cc27c0624c11355d29a19a62d562ff2,1777878022550707252
PU190426-92526431,artifacts,artifacts/PU190426-92526431/v2/attachments/903ee7cd37d9e2119132f9f5f35c492a35ecac6c,artifacts/PU190426-92526431/v2/attachments/903ee7cd37d9e2119132f9f5f35c492a35ecac6c,v2/attachments/903ee7cd37d9e2119132f9f5f35c492a35ecac6c,65375,c2ca88bdd5048b7c1a44f39dc2779860b702cde4a467f856605fc914564fd02d,1777878022569798536
PU190426-92526431,artifacts,artifacts/PU190426-92526431/v2/attachments/ec4e6e569486169485dc72e82071d3de8152b480,artifacts/PU190426-92526431/v2/attachments/ec4e6e569486169485dc72e82071d3de8152b480,v2/attachments/ec4e6e569486169485dc72e82071d3de8152b480,206380,249010b71d53b675acb8fd0b485a81ec0194dfaefa37703a4b81c41ee1b4e97a,1777878022941280115
PU190426-92526431,artifacts,artifacts/PU190426-92526431/v2/attachments/f3780c97491dd9f62f0dd7b1b8bb090a0b9e87d0,artifacts/PU190426-92526431/v2/attachments/f3780c97491dd9f62f0dd7b1b8bb090a0b9e87d0,v2/attachments/f3780c97491dd9f62f0dd7b1b8bb090a0b9e87d0,71334,b9d1e24200d39b0730b7a2142dbb0e0a768abe9efa82d8e37a0385dd61333d8b,1777878022728754414
PU190426-92526431,artifacts,artifacts/PU190426-92526431/v2/complaint.pdf,artifacts/PU190426-92526431/v2/complaint.pdf,v2/complaint.pdf,252226,29b1096cb50a90fcc37334163929a8b1fd7ec20f97c0d854bd2eb9388f921454,1777878042074826378
PU190426-92526431,artifacts,artifacts/PU190426-92526431/v2/snapshot.json,artifacts/PU190426-92526431/v2/snapshot.json,v2/snapshot.json,9520,0b75b90174226fc46260d983558d1d90ec39312c842069cef3f564d3bddf17b5,1777878042115344199
PU210426-92530108,artifacts,artifacts/PU210426-92530108/meta.json,artifacts/PU210426-92530108/meta.json,meta.json,582,43f4617b55d5fc66120ccf9f9483ba941f6a141bb9af034148ba7783a05376f7,1778060703858471982
PU210426-92530108,artifacts,artifacts/PU210426-92530108/v1/attachments/0b3db84d113c0c5006b78b3826e8cfca2bf8f293.pdf,artifacts/PU210426-92530108/v1/attachments/0b3db84d113c0c5006b78b3826e8cfca2bf8f293.pdf,v1/attachments/0b3db84d113c0c5006b78b3826e8cfca2bf8f293.pdf,1161959,6d395ce1f01f401769a603dd4f76bd10e4c798c3c506b3a6be1d196d85c83216,1777658536662837118
PU210426-92530108,artifacts,artifacts/PU210426-92530108/v1/attachments/6b08cc8fbe801b364869b799f4d1157dead63c51.pdf,artifacts/PU210426-92530108/v1/attachments/6b08cc8fbe801b364869b799f4d1157dead63c51.pdf,v1/attachments/6b08cc8fbe801b364869b799f4d1157dead63c51.pdf,946399,2cdae850cd65ad03b6523f49329fbf055ffdbc80897255951a5ef7f4e3ac2375,1777658536621920444
PU210426-92530108,artifacts,artifacts/PU210426-92530108/v1/complaint.pdf,artifacts/PU210426-92530108/v1/complaint.pdf,v1/complaint.pdf,183569,275b1d3e17b8c77f33e2ee598b9570f6dbd1139f553dba4ba444abe88cbaf688,1777878062213440809
PU210426-92530108,artifacts,artifacts/PU210426-92530108/v1/snapshot.json,artifacts/PU210426-92530108/v1/snapshot.json,v1/snapshot.json,4703,7cfc9c2c28e72b32eb5634f9986d765de29d3f0a33a50bf81649b397b3c78a87,1777878062254911191
PU210426-92530108,artifacts,artifacts/PU210426-92530108/v2/attachments/0b3db84d113c0c5006b78b3826e8cfca2bf8f293.pdf,artifacts/PU210426-92530108/v2/attachments/0b3db84d113c0c5006b78b3826e8cfca2bf8f293.pdf,v2/attachments/0b3db84d113c0c5006b78b3826e8cfca2bf8f293.pdf,1161959,6d395ce1f01f401769a603dd4f76bd10e4c798c3c506b3a6be1d196d85c83216,1778060685718862396
PU210426-92530108,artifacts,artifacts/PU210426-92530108/v2/attachments/6b08cc8fbe801b364869b799f4d1157dead63c51.pdf,artifacts/PU210426-92530108/v2/attachments/6b08cc8fbe801b364869b799f4d1157dead63c51.pdf,v2/attachments/6b08cc8fbe801b364869b799f4d1157dead63c51.pdf,946399,2cdae850cd65ad03b6523f49329fbf055ffdbc80897255951a5ef7f4e3ac2375,1778060685646841938
PU210426-92530108,artifacts,artifacts/PU210426-92530108/v2/attachments/8027fc34-c368-4e6c-ad74-6cf4df2260aa.jpe,artifacts/PU210426-92530108/v2/attachments/8027fc34-c368-4e6c-ad74-6cf4df2260aa.jpe,v2/attachments/8027fc34-c368-4e6c-ad74-6cf4df2260aa.jpe,102142,b05446cbd4886c2c6de34c69f60fcd645529bc2d4a55b73d7919b6b1a33b3de4,1778060685389008859
PU210426-92530108,artifacts,artifacts/PU210426-92530108/v2/attachments/PU210426-92530379_-_HQ_Reply.jpeg,artifacts/PU210426-92530108/v2/attachments/PU210426-92530379_-_HQ_Reply.jpeg,v2/attachments/PU210426-92530379_-_HQ_Reply.jpeg,297375,ea10fd1edac90430efb9070a0ce6cf39f6bba2c4628c44b5d74b62478ff57f8f,1778060685437291164
PU210426-92530108,artifacts,artifacts/PU210426-92530108/v2/complaint.pdf,artifacts/PU210426-92530108/v2/complaint.pdf,v2/complaint.pdf,226168,4faef4796df796eef5dbf0638d39e2b40a729eb8174d9f16fbc67912d30b0556,1778060703848383470
PU210426-92530108,artifacts,artifacts/PU210426-92530108/v2/snapshot.json,artifacts/PU210426-92530108/v2/snapshot.json,v2/snapshot.json,10031,63e77cf299dfb010213b880b66b1571ec899b535f731cbaa0b9184913256f08a,1778060703858279727
PU210426-92530379,artifacts,artifacts/PU210426-92530379/meta.json,artifacts/PU210426-92530379/meta.json,meta.json,582,a71a74778fe57459eb23f9357fa6fe2c529a50888c2defc1c226db1deaeb67e9,1778060730378897994
PU210426-92530379,artifacts,artifacts/PU210426-92530379/v1/attachments/304ac41cc1444ce8bc16ce51c9d16c8a3ab4d11e.jpg,artifacts/PU210426-92530379/v1/attachments/304ac41cc1444ce8bc16ce51c9d16c8a3ab4d11e.jpg,v1/attachments/304ac41cc1444ce8bc16ce51c9d16c8a3ab4d11e.jpg,3541714,8e9cf0487a60028d9657d37e070016efaede1b340aa076f2f83abdbf9e9cc84b,1777658563064190335
PU210426-92530379,artifacts,artifacts/PU210426-92530379/v1/attachments/3058aa466601aa4efa1edc05dc16d32ca52697d5.jpg,artifacts/PU210426-92530379/v1/attachments/3058aa466601aa4efa1edc05dc16d32ca52697d5.jpg,v1/attachments/3058aa466601aa4efa1edc05dc16d32ca52697d5.jpg,2977087,1f352d16de689da4753d67ff00df540bffef170b100021819ff40a6a0f06c285,1777658566714341068
PU210426-92530379,artifacts,artifacts/PU210426-92530379/v1/attachments/4616cf0aaf21208a9b846610dab165c2f849c964.jpg,artifacts/PU210426-92530379/v1/attachments/4616cf0aaf21208a9b846610dab165c2f849c964.jpg,v1/attachments/4616cf0aaf21208a9b846610dab165c2f849c964.jpg,3167145,d6656c69120338d0faeaf1ba94c749deeaa1b31815957e96b190df2acd88708b,1777658563072980147
PU210426-92530379,artifacts,artifacts/PU210426-92530379/v1/attachments/5df9b101f5e19f6c285ab206ced7835c6ab771c9.jpg,artifacts/PU210426-92530379/v1/attachments/5df9b101f5e19f6c285ab206ced7835c6ab771c9.jpg,v1/attachments/5df9b101f5e19f6c285ab206ced7835c6ab771c9.jpg,3627938,91d4446ff518210a5679c2540e66f54dc64236324575ac38f30d4cba1f8f7c39,1777658564650686707
PU210426-92530379,artifacts,artifacts/PU210426-92530379/v1/attachments/d56fc8b7a4fd60ca95b41714c44a7b4bfea3c5e0.jpg,artifacts/PU210426-92530379/v1/attachments/d56fc8b7a4fd60ca95b41714c44a7b4bfea3c5e0.jpg,v1/attachments/d56fc8b7a4fd60ca95b41714c44a7b4bfea3c5e0.jpg,3460959,b033d880ad9f5cc6088c3bba23078d06e601d7bae62c53a98f7f62334ce64a08,1777658564017228258
PU210426-92530379,artifacts,artifacts/PU210426-92530379/v1/complaint.pdf,artifacts/PU210426-92530379/v1/complaint.pdf,v1/complaint.pdf,183410,f7738d5f78bfbd805ff2afb2ec88ebabd526deb3f03f60013f09a697ddfbb9be,1777878081295316216
PU210426-92530379,artifacts,artifacts/PU210426-92530379/v1/snapshot.json,artifacts/PU210426-92530379/v1/snapshot.json,v1/snapshot.json,5917,51a66e1b4f9674db3fec93cdad5143da6479f3988e576083ed2a60f6fe73d39e,1777878081336263605
PU210426-92530379,artifacts,artifacts/PU210426-92530379/v2/attachments/304ac41cc1444ce8bc16ce51c9d16c8a3ab4d11e.jpg,artifacts/PU210426-92530379/v2/attachments/304ac41cc1444ce8bc16ce51c9d16c8a3ab4d11e.jpg,v2/attachments/304ac41cc1444ce8bc16ce51c9d16c8a3ab4d11e.jpg,3541714,8e9cf0487a60028d9657d37e070016efaede1b340aa076f2f83abdbf9e9cc84b,1778060708503857925
PU210426-92530379,artifacts,artifacts/PU210426-92530379/v2/attachments/3058aa466601aa4efa1edc05dc16d32ca52697d5.jpg,artifacts/PU210426-92530379/v2/attachments/3058aa466601aa4efa1edc05dc16d32ca52697d5.jpg,v2/attachments/3058aa466601aa4efa1edc05dc16d32ca52697d5.jpg,2977087,1f352d16de689da4753d67ff00df540bffef170b100021819ff40a6a0f06c285,1778060711251322299
PU210426-92530379,artifacts,artifacts/PU210426-92530379/v2/attachments/4616cf0aaf21208a9b846610dab165c2f849c964.jpg,artifacts/PU210426-92530379/v2/attachments/4616cf0aaf21208a9b846610dab165c2f849c964.jpg,v2/attachments/4616cf0aaf21208a9b846610dab165c2f849c964.jpg,3167145,d6656c69120338d0faeaf1ba94c749deeaa1b31815957e96b190df2acd88708b,1778060709306666694
PU210426-92530379,artifacts,artifacts/PU210426-92530379/v2/attachments/5df9b101f5e19f6c285ab206ced7835c6ab771c9.jpg,artifacts/PU210426-92530379/v2/attachments/5df9b101f5e19f6c285ab206ced7835c6ab771c9.jpg,v2/attachments/5df9b101f5e19f6c285ab206ced7835c6ab771c9.jpg,3627938,91d4446ff518210a5679c2540e66f54dc64236324575ac38f30d4cba1f8f7c39,1778060712365361373
PU210426-92530379,artifacts,artifacts/PU210426-92530379/v2/attachments/PU210426-92530379_-_HQ_Reply.jpeg,artifacts/PU210426-92530379/v2/attachments/PU210426-92530379_-_HQ_Reply.jpeg,v2/attachments/PU210426-92530379_-_HQ_Reply.jpeg,297375,ea10fd1edac90430efb9070a0ce6cf39f6bba2c4628c44b5d74b62478ff57f8f,1778060708790817023
PU210426-92530379,artifacts,artifacts/PU210426-92530379/v2/attachments/WhatsApp_Image_2026-05-04_at_9.28.46_AM,artifacts/PU210426-92530379/v2/attachments/WhatsApp_Image_2026-05-04_at_9.28.46_AM,v2/attachments/WhatsApp_Image_2026-05-04_at_9.28.46_AM,380767,047c22883b6106cc4bbd561aefc90a623dac288b727517e3fac801fced25f201,1778060709162807762
PU210426-92530379,artifacts,artifacts/PU210426-92530379/v2/attachments/d56fc8b7a4fd60ca95b41714c44a7b4bfea3c5e0.jpg,artifacts/PU210426-92530379/v2/attachments/d56fc8b7a4fd60ca95b41714c44a7b4bfea3c5e0.jpg,v2/attachments/d56fc8b7a4fd60ca95b41714c44a7b4bfea3c5e0.jpg,3460959,b033d880ad9f5cc6088c3bba23078d06e601d7bae62c53a98f7f62334ce64a08,1778060706900936934
PU210426-92530379,artifacts,artifacts/PU210426-92530379/v2/complaint.pdf,artifacts/PU210426-92530379/v2/complaint.pdf,v2/complaint.pdf,224876,7e8965209732f4f7146f3853ed7813087a7e4a8a8bd75ab065f152a3dab80644,1778060730362601002
PU210426-92530379,artifacts,artifacts/PU210426-92530379/v2/snapshot.json,artifacts/PU210426-92530379/v2/snapshot.json,v2/snapshot.json,11011,e4b7b21de5b50bfef98317bf4ab757e155e6afbd20b41f1bade7cfe230e8c13d,1778060730371951547
PU230426-92531455,artifacts,artifacts/PU230426-92531455/meta.json,artifacts/PU230426-92531455/meta.json,meta.json,547,9a4935e9a4f5d66a854debbd52f0f14dc00c91758b7029a00f9b1df53b67a7a0,1777878100715538144
PU230426-92531455,artifacts,artifacts/PU230426-92531455/v1/complaint.pdf,artifacts/PU230426-92531455/v1/complaint.pdf,v1/complaint.pdf,179102,84cfae7b2e17ae6019ad5e52380c834ce27c6300fef68ad7a644d967be03e366,1777878100672915410
PU230426-92531455,artifacts,artifacts/PU230426-92531455/v1/snapshot.json,artifacts/PU230426-92531455/v1/snapshot.json,v1/snapshot.json,2140,4ca29299a7f5481fcf21aa3ef941fde5c59badf6eef0de44e68042c0db1fe4c8,1777878100715487987
PU240326-92478936,artifacts,artifacts/PU240326-92478936/meta.json,artifacts/PU240326-92478936/meta.json,meta.json,554,61494fd1e4a048bbd9cec6044c5343661f9a9ec1400aef6f062732c3f28e170b,1777905294838991032
PU240326-92478936,artifacts,artifacts/PU240326-92478936/v1/attachments/6359a3b30651669fdf59fc30035503c86d8befdc.jpg,artifacts/PU240326-92478936/v1/attachments/6359a3b30651669fdf59fc30035503c86d8befdc.jpg,v1/attachments/6359a3b30651669fdf59fc30035503c86d8befdc.jpg,842608,a4feb4c22ecf89bbac50945320c9441dcbda3884eb3d5c76c7092cad5c9d1c73,1777905275810012622
PU240326-92478936,artifacts,artifacts/PU240326-92478936/v1/complaint.pdf,artifacts/PU240326-92478936/v1/complaint.pdf,v1/complaint.pdf,188358,f2eba5aa32df1cd9e68e7bfdb8313f75c98570fb06970db6c4f1e439bb35c9e8,1777905294823617933
PU240326-92478936,artifacts,artifacts/PU240326-92478936/v1/snapshot.json,artifacts/PU240326-92478936/v1/snapshot.json,v1/snapshot.json,4694,a5677f6bbbaae40b37dc9971020e6589c29bd3c1d077bd5bda7fd5825bede6c8,1777905294838786795
PU240426-92533367,artifacts,artifacts/PU240426-92533367/meta.json,artifacts/PU240426-92533367/meta.json,meta.json,606,37a6f3b5f4245698afefbcc1f90e043c7a5fa48b3dd04f76c0eef0cac7db88f3,1777905313902192525
PU240426-92533367,artifacts,artifacts/PU240426-92533367/v1/complaint.pdf,artifacts/PU240426-92533367/v1/complaint.pdf,v1/complaint.pdf,193656,d733b1b429ec47045d7db4cea70a6875f53b96d9c91264d8605246670efae0b2,1777878119859952016
PU240426-92533367,artifacts,artifacts/PU240426-92533367/v1/snapshot.json,artifacts/PU240426-92533367/v1/snapshot.json,v1/snapshot.json,6081,120b7d4122242dd1fb8dc9b06dab265803ae1c3896b4666df0ad762bba9077ba,1777878119900532267
PU240426-92533367,artifacts,artifacts/PU240426-92533367/v2/complaint.pdf,artifacts/PU240426-92533367/v2/complaint.pdf,v2/complaint.pdf,198668,3d63fdb82bc30b304f00a2c9ec47e53f1809e840c8db603a7658f95fb7a10a63,1777905313887377251
PU240426-92533367,artifacts,artifacts/PU240426-92533367/v2/snapshot.json,artifacts/PU240426-92533367/v2/snapshot.json,v2/snapshot.json,7523,4c86aa58e390d23b4f265a47d135d1d94dec093fc5a3436e78832549fc1b397b,1777905313901846388
PU240426-92533834,artifacts,artifacts/PU240426-92533834/meta.json,artifacts/PU240426-92533834/meta.json,meta.json,522,702d30138ce7f1b8102eeedbd7f18c3654536dbd3fe163998646bc01d8b57f12,1778067223364939866
PU240426-92533834,artifacts,artifacts/PU240426-92533834/v1/attachments/image_0.jpg,artifacts/PU240426-92533834/v1/attachments/image_0.jpg,v1/attachments/image_0.jpg,261138,cecbefda234c9b8bf080ef1db40270bd51fc470163301231c6334ec2417f49ac,1777658627587809357
PU240426-92533834,artifacts,artifacts/PU240426-92533834/v1/attachments/image_1.jpg,artifacts/PU240426-92533834/v1/attachments/image_1.jpg,v1/attachments/image_1.jpg,308459,461a87948aafcf2eb59c8adc73c9cd7a2720f29abd622b6a76e6f6cc724b8b85,1777658627323864384
PU240426-92533834,artifacts,artifacts/PU240426-92533834/v1/attachments/image_2.jpg,artifacts/PU240426-92533834/v1/attachments/image_2.jpg,v1/attachments/image_2.jpg,451724,78ecbda52061987306847ab67ad383ea34f76c1783f22b9339e251ea3d8da61f,1777658627235501371
PU240426-92533834,artifacts,artifacts/PU240426-92533834/v1/attachments/image_3.jpg,artifacts/PU240426-92533834/v1/attachments/image_3.jpg,v1/attachments/image_3.jpg,462800,e80a29de6bf766ceb0b203702c5f198269c463077cbb0fd94cbe678ae04e4368,1777658627168065632
PU240426-92533834,artifacts,artifacts/PU240426-92533834/v1/attachments/image_4.jpg,artifacts/PU240426-92533834/v1/attachments/image_4.jpg,v1/attachments/image_4.jpg,305961,6d549ad08d088c0916c70ae87f6f826457532e30be3ba0d86fc4bb6738522af6,1777658626669855107
PU240426-92533834,artifacts,artifacts/PU240426-92533834/v1/complaint.pdf,artifacts/PU240426-92533834/v1/complaint.pdf,v1/complaint.pdf,188696,a1816c20e2a97fe5707b580056abdf6fd1c1f31e9d93d524613f4b6aa681c4e5,1777878139202108870
PU240426-92533834,artifacts,artifacts/PU240426-92533834/v1/snapshot.json,artifacts/PU240426-92533834/v1/snapshot.json,v1/snapshot.json,6218,25185a97acf654f1c8ee89ceecd633581ca193d9d05c636ca88b30eba1e7637b,1777878139246012520
PU240426-92533834,artifacts,artifacts/PU240426-92533834/v2/attachments/image_0.jpg,artifacts/PU240426-92533834/v2/attachments/image_0.jpg,v2/attachments/image_0.jpg,261138,cecbefda234c9b8bf080ef1db40270bd51fc470163301231c6334ec2417f49ac,1778067204408708337
PU240426-92533834,artifacts,artifacts/PU240426-92533834/v2/attachments/image_1.jpg,artifacts/PU240426-92533834/v2/attachments/image_1.jpg,v2/attachments/image_1.jpg,308459,461a87948aafcf2eb59c8adc73c9cd7a2720f29abd622b6a76e6f6cc724b8b85,1778067204344675129
PU240426-92533834,artifacts,artifacts/PU240426-92533834/v2/attachments/image_2.jpg,artifacts/PU240426-92533834/v2/attachments/image_2.jpg,v2/attachments/image_2.jpg,451724,78ecbda52061987306847ab67ad383ea34f76c1783f22b9339e251ea3d8da61f,1778067204390496027
PU240426-92533834,artifacts,artifacts/PU240426-92533834/v2/attachments/image_3.jpg,artifacts/PU240426-92533834/v2/attachments/image_3.jpg,v2/attachments/image_3.jpg,462800,e80a29de6bf766ceb0b203702c5f198269c463077cbb0fd94cbe678ae04e4368,1778067204313433844
PU240426-92533834,artifacts,artifacts/PU240426-92533834/v2/attachments/image_4.jpg,artifacts/PU240426-92533834/v2/attachments/image_4.jpg,v2/attachments/image_4.jpg,305961,6d549ad08d088c0916c70ae87f6f826457532e30be3ba0d86fc4bb6738522af6,1778067204284914087
PU240426-92533834,artifacts,artifacts/PU240426-92533834/v2/complaint.pdf,artifacts/PU240426-92533834/v2/complaint.pdf,v2/complaint.pdf,196723,9d9e567d1e95cbeb57c0e9ef131b13dd35d62b5185ab0cf434dff7419ca2db28,1778067223352942635
PU240426-92533834,artifacts,artifacts/PU240426-92533834/v2/snapshot.json,artifacts/PU240426-92533834/v2/snapshot.json,v2/snapshot.json,8341,867f660811463f521054728a75fdef5433a7e77bcc14115d47ed04fb377f4ece,1778067223364786931
PU250426-92535352,artifacts,artifacts/PU250426-92535352/meta.json,artifacts/PU250426-92535352/meta.json,meta.json,585,1cc50ba068ae1158782be50a0146052d2b603718eb7eb028b4ae7de0d1559c78,1777986837631368691
PU250426-92535352,artifacts,artifacts/PU250426-92535352/v1/complaint.pdf,artifacts/PU250426-92535352/v1/complaint.pdf,v1/complaint.pdf,203777,903ea259414efdae18f5d9f63f4e08dee05e6d3868d310649ebcc2c565cee203,1777878158379591570
PU250426-92535352,artifacts,artifacts/PU250426-92535352/v1/snapshot.json,artifacts/PU250426-92535352/v1/snapshot.json,v1/snapshot.json,9287,8baa682a43f8cc217980cb1477b2f1985db425feeec6caa904e4da522c0d90d9,1777878158425321515
PU250426-92535352,artifacts,artifacts/PU250426-92535352/v2/attachments/CamScanner_04-30-2026_10.35.pdf,artifacts/PU250426-92535352/v2/attachments/CamScanner_04-30-2026_10.35.pdf,v2/attachments/CamScanner_04-30-2026_10.35.pdf,488396,2a80473ca758826c7e550db9efd74fb1ff958d45cf0ad3df8ca745489d1b3d68,1777986819484132656
PU250426-92535352,artifacts,artifacts/PU250426-92535352/v2/complaint.pdf,artifacts/PU250426-92535352/v2/complaint.pdf,v2/complaint.pdf,218403,12d50ce382da51a17e6f3c0ba490875d450aed144af3ba6b9d27f05439ed89a7,1777986837622243463
PU250426-92535352,artifacts,artifacts/PU250426-92535352/v2/snapshot.json,artifacts/PU250426-92535352/v2/snapshot.json,v2/snapshot.json,13551,495d785821b1012b01b4a08dd22ee7cba4927f8d07db9a39633bd358241049b5,1777986837631196868
PU260426-92537580,artifacts,artifacts/PU260426-92537580/meta.json,artifacts/PU260426-92537580/meta.json,meta.json,707,7451c82dd2fd7dbaa2d43d6d19a021c42f8c8d3a74879761aaa93287f6ffdc32,1777959247477880567
PU260426-92537580,artifacts,artifacts/PU260426-92537580/v1/attachments/48b3a00b9a1c89d0dcae32a9d21b9160874ae4be.jpg,artifacts/PU260426-92537580/v1/attachments/48b3a00b9a1c89d0dcae32a9d21b9160874ae4be.jpg,v1/attachments/48b3a00b9a1c89d0dcae32a9d21b9160874ae4be.jpg,70669,93e9866d47c9bb74980c3a0c4520776bd4b85781294ea27412270adb7ef53d82,1777658667819068644
PU260426-92537580,artifacts,artifacts/PU260426-92537580/v1/attachments/8fcd1c2d417056c859e052b9073302e19236d09e.jpg,artifacts/PU260426-92537580/v1/attachments/8fcd1c2d417056c859e052b9073302e19236d09e.jpg,v1/attachments/8fcd1c2d417056c859e052b9073302e19236d09e.jpg,224935,eca153115b8c0d07cb6cfb4ab15f30d6ad85f562f6f8bcbfa27651976de60ed7,1777658668230304924
PU260426-92537580,artifacts,artifacts/PU260426-92537580/v1/attachments/a861402eda73555c79528d56a5e1ec23e82ced71.jpg,artifacts/PU260426-92537580/v1/attachments/a861402eda73555c79528d56a5e1ec23e82ced71.jpg,v1/attachments/a861402eda73555c79528d56a5e1ec23e82ced71.jpg,170028,be7466e84c48a8651dbf5deaf48923fc51f3daab56a4028f0a626e0ba2858200,1777658668129024451
PU260426-92537580,artifacts,artifacts/PU260426-92537580/v1/attachments/dcec1543490ff9ca98577ce1a5fab6fe0a9de4a4.jpg,artifacts/PU260426-92537580/v1/attachments/dcec1543490ff9ca98577ce1a5fab6fe0a9de4a4.jpg,v1/attachments/dcec1543490ff9ca98577ce1a5fab6fe0a9de4a4.jpg,80070,267fa7204bdda07b934ca7c7434389851705701980a68fbc9373ac2a317cd222,1777658667871837103
PU260426-92537580,artifacts,artifacts/PU260426-92537580/v1/complaint.pdf,artifacts/PU260426-92537580/v1/complaint.pdf,v1/complaint.pdf,245493,0595953da672ed8f7334e09f255135532052984246cf49e875691fd968a328fd,1777878178215098196
PU260426-92537580,artifacts,artifacts/PU260426-92537580/v1/snapshot.json,artifacts/PU260426-92537580/v1/snapshot.json,v1/snapshot.json,7162,48f60d0b45a0f71321f2ecdd42e76cda94c68d539d6fb294cb8a3176eb7dd1cb,1777878178265908732
PU260426-92537580,artifacts,artifacts/PU260426-92537580/v2/attachments/48b3a00b9a1c89d0dcae32a9d21b9160874ae4be.jpg,artifacts/PU260426-92537580/v2/attachments/48b3a00b9a1c89d0dcae32a9d21b9160874ae4be.jpg,v2/attachments/48b3a00b9a1c89d0dcae32a9d21b9160874ae4be.jpg,70669,93e9866d47c9bb74980c3a0c4520776bd4b85781294ea27412270adb7ef53d82,1777959229222167618
PU260426-92537580,artifacts,artifacts/PU260426-92537580/v2/attachments/8fcd1c2d417056c859e052b9073302e19236d09e.jpg,artifacts/PU260426-92537580/v2/attachments/8fcd1c2d417056c859e052b9073302e19236d09e.jpg,v2/attachments/8fcd1c2d417056c859e052b9073302e19236d09e.jpg,224935,eca153115b8c0d07cb6cfb4ab15f30d6ad85f562f6f8bcbfa27651976de60ed7,1777959229423617890
PU260426-92537580,artifacts,artifacts/PU260426-92537580/v2/attachments/a861402eda73555c79528d56a5e1ec23e82ced71.jpg,artifacts/PU260426-92537580/v2/attachments/a861402eda73555c79528d56a5e1ec23e82ced71.jpg,v2/attachments/a861402eda73555c79528d56a5e1ec23e82ced71.jpg,170028,be7466e84c48a8651dbf5deaf48923fc51f3daab56a4028f0a626e0ba2858200,1777959229306591247
PU260426-92537580,artifacts,artifacts/PU260426-92537580/v2/attachments/dcec1543490ff9ca98577ce1a5fab6fe0a9de4a4.jpg,artifacts/PU260426-92537580/v2/attachments/dcec1543490ff9ca98577ce1a5fab6fe0a9de4a4.jpg,v2/attachments/dcec1543490ff9ca98577ce1a5fab6fe0a9de4a4.jpg,80070,267fa7204bdda07b934ca7c7434389851705701980a68fbc9373ac2a317cd222,1777959229194309263
PU260426-92537580,artifacts,artifacts/PU260426-92537580/v2/complaint.pdf,artifacts/PU260426-92537580/v2/complaint.pdf,v2/complaint.pdf,268889,1b0641b91d608332ca41c5c29e3d7da9fc0fc1ded7992f90f15ed184061f7b16,1777959247472101811
PU260426-92537580,artifacts,artifacts/PU260426-92537580/v2/snapshot.json,artifacts/PU260426-92537580/v2/snapshot.json,v2/snapshot.json,11220,994db5ef157053f61926bd4615e2ca4dddd6a9cd9bfd90f325e24f89ab9bc79c,1777959247477792616
PU260426-92537964,artifacts,artifacts/PU260426-92537964/meta.json,artifacts/PU260426-92537964/meta.json,meta.json,647,186a61d0561f1290c4a3f42ed6c05aaff28417dbe8465711e87ccb0582f2d84a,1777878198262134284
PU260426-92537964,artifacts,artifacts/PU260426-92537964/v1/complaint.pdf,artifacts/PU260426-92537964/v1/complaint.pdf,v1/complaint.pdf,184804,5457cf753c9b9f6975be5dd6f37ff6d8e6277286c465a21988412f772e47650c,1777878198218626499
PU260426-92537964,artifacts,artifacts/PU260426-92537964/v1/snapshot.json,artifacts/PU260426-92537964/v1/snapshot.json,v1/snapshot.json,3950,8d97fae2d781f560f52879359b16a33ace2a679c9286ab1f9ca911924dc5c3ce,1777878198262081826
PU280426-92541139,artifacts,artifacts/PU280426-92541139/meta.json,artifacts/PU280426-92541139/meta.json,meta.json,656,8efa61ab730ba3af7c8850f6634ac55d657fa5b29991231e37a3323f9b2144b9,1778060749880522687
PU280426-92541139,artifacts,artifacts/PU280426-92541139/v1/attachments/747ce529609075a5ec7682bb8d5860e3bc784d1c.jpg,artifacts/PU280426-92541139/v1/attachments/747ce529609075a5ec7682bb8d5860e3bc784d1c.jpg,v1/attachments/747ce529609075a5ec7682bb8d5860e3bc784d1c.jpg,575322,18c8fa5658f8c3d4a783af5c47fb755a25e40c929b0bc0380d07bebd99898f55,1777658899879814876
PU280426-92541139,artifacts,artifacts/PU280426-92541139/v1/attachments/febf3295d76915dc4fcccf5103ff2d0ffe98c7d1,artifacts/PU280426-92541139/v1/attachments/febf3295d76915dc4fcccf5103ff2d0ffe98c7d1,v1/attachments/febf3295d76915dc4fcccf5103ff2d0ffe98c7d1,35590,9cd01cdac9bbe4fcbe961191f3dff50824fca1f877d9d88ec4106c3da7891fa7,1777658898804391746
PU280426-92541139,artifacts,artifacts/PU280426-92541139/v1/complaint.pdf,artifacts/PU280426-92541139/v1/complaint.pdf,v1/complaint.pdf,263969,956b6203952d1a13a2ab483371c4b1d0474341872a7e9ea602c2f51b704e5b25,1777878217245836814
PU280426-92541139,artifacts,artifacts/PU280426-92541139/v1/snapshot.json,artifacts/PU280426-92541139/v1/snapshot.json,v1/snapshot.json,8519,47ceeee0923120767f9c76603667d200da669ff8a7d25a77ed797c6afd38ce37,1777878217292678294
PU280426-92541139,artifacts,artifacts/PU280426-92541139/v2/attachments/747ce529609075a5ec7682bb8d5860e3bc784d1c.jpg,artifacts/PU280426-92541139/v2/attachments/747ce529609075a5ec7682bb8d5860e3bc784d1c.jpg,v2/attachments/747ce529609075a5ec7682bb8d5860e3bc784d1c.jpg,575322,18c8fa5658f8c3d4a783af5c47fb755a25e40c929b0bc0380d07bebd99898f55,1778060731890762340
PU280426-92541139,artifacts,artifacts/PU280426-92541139/v2/attachments/febf3295d76915dc4fcccf5103ff2d0ffe98c7d1,artifacts/PU280426-92541139/v2/attachments/febf3295d76915dc4fcccf5103ff2d0ffe98c7d1,v2/attachments/febf3295d76915dc4fcccf5103ff2d0ffe98c7d1,35590,9cd01cdac9bbe4fcbe961191f3dff50824fca1f877d9d88ec4106c3da7891fa7,1778060730777001221
PU280426-92541139,artifacts,artifacts/PU280426-92541139/v2/complaint.pdf,artifacts/PU280426-92541139/v2/complaint.pdf,v2/complaint.pdf,284289,d5daf47f77af31bfacd075d92e1e745eb8966fbfba94aa5385e5fad613af8dcb,1778060749870804032
PU280426-92541139,artifacts,artifacts/PU280426-92541139/v2/snapshot.json,artifacts/PU280426-92541139/v2/snapshot.json,v2/snapshot.json,12052,35933848e199e32a53aa84663593a7680e3ceece3d0099b13a2f87b9b29e7e64,1778060749880362881
PU280426-92542481,artifacts,artifacts/PU280426-92542481/meta.json,artifacts/PU280426-92542481/meta.json,meta.json,488,25107dcb2d3eb86c8571030580f4e9fde3267cdc687a050091a6d2fa88f84abc,1778060768299180221
PU280426-92542481,artifacts,artifacts/PU280426-92542481/v1/complaint.pdf,artifacts/PU280426-92542481/v1/complaint.pdf,v1/complaint.pdf,181615,95dd451483378858db6fe4c2d7efc6d68ba4863f18ee17b8d719d30a7c27c34f,1778060768290076105
PU280426-92542481,artifacts,artifacts/PU280426-92542481/v1/snapshot.json,artifacts/PU280426-92542481/v1/snapshot.json,v1/snapshot.json,2972,333d1c6c26aadf1d70966d1458c2ff43504aba9e799bf25f463f67a13285e890,1778060768299093577
PU290426-92543339,artifacts,artifacts/PU290426-92543339/meta.json,artifacts/PU290426-92543339/meta.json,meta.json,520,22bb9f985fcafb0cbcbb468684398f968fd1d1bfd03568cdab6d67e0cab9675d,1777959267272609666
PU290426-92543339,artifacts,artifacts/PU290426-92543339/v1/attachments/10eab3078a6304d4356096312b2b2b4aba59e2b7.jpg,artifacts/PU290426-92543339/v1/attachments/10eab3078a6304d4356096312b2b2b4aba59e2b7.jpg,v1/attachments/10eab3078a6304d4356096312b2b2b4aba59e2b7.jpg,308374,91842174797a3a134172af3ed4bad90d7cfd81385e9aae97baccfc6f20fb2b03,1777905315792747048
PU290426-92543339,artifacts,artifacts/PU290426-92543339/v1/attachments/2fb1fac4105faf695d8afa8cc7952b3ca0a9472c.jpg,artifacts/PU290426-92543339/v1/attachments/2fb1fac4105faf695d8afa8cc7952b3ca0a9472c.jpg,v1/attachments/2fb1fac4105faf695d8afa8cc7952b3ca0a9472c.jpg,273394,10c9d257089c39e0c34cc49830ffbc485b1aefe6a0b5e733afd015ed8f297596,1777905315718935662
PU290426-92543339,artifacts,artifacts/PU290426-92543339/v1/attachments/7c9965c0c4da23f39faedaa5abd523f3cf83960a.jpg,artifacts/PU290426-92543339/v1/attachments/7c9965c0c4da23f39faedaa5abd523f3cf83960a.jpg,v1/attachments/7c9965c0c4da23f39faedaa5abd523f3cf83960a.jpg,643270,de917f234f853b52a4f4198e31d59f42d4dc0c0f7c536594e9c1efd4a30bb727,1777905316079828572
PU290426-92543339,artifacts,artifacts/PU290426-92543339/v1/attachments/d176525879ecd486863a5cfada3a29ef6136bdd4.jpg,artifacts/PU290426-92543339/v1/attachments/d176525879ecd486863a5cfada3a29ef6136bdd4.jpg,v1/attachments/d176525879ecd486863a5cfada3a29ef6136bdd4.jpg,248811,a400044e605d4b8a473c90265432988333c7db2a7b99e7e192db9fb9208b2427,1777905315549425080
PU290426-92543339,artifacts,artifacts/PU290426-92543339/v1/attachments/eb47404bec7e47c12c48e61f77424c9a5aeea8c0.jpg,artifacts/PU290426-92543339/v1/attachments/eb47404bec7e47c12c48e61f77424c9a5aeea8c0.jpg,v1/attachments/eb47404bec7e47c12c48e61f77424c9a5aeea8c0.jpg,284996,1602c7eba87297670f92699b1d485b815d334715c1ddeff07cc72903172acbd9,1777905315687352812
PU290426-92543339,artifacts,artifacts/PU290426-92543339/v1/complaint.pdf,artifacts/PU290426-92543339/v1/complaint.pdf,v1/complaint.pdf,183559,2a97a01ea1a8668a70d19a919b9d68aaf1c3e24ead8109d259b287fb17ecd94f,1777905335067660903
PU290426-92543339,artifacts,artifacts/PU290426-92543339/v1/snapshot.json,artifacts/PU290426-92543339/v1/snapshot.json,v1/snapshot.json,5898,086176a49dec2edfeacef1bc2b5a40b4264737499b23d50414040ebffbaed2f1,1777905335083700932
PU290426-92543339,artifacts,artifacts/PU290426-92543339/v2/attachments/10eab3078a6304d4356096312b2b2b4aba59e2b7.jpg,artifacts/PU290426-92543339/v2/attachments/10eab3078a6304d4356096312b2b2b4aba59e2b7.jpg,v2/attachments/10eab3078a6304d4356096312b2b2b4aba59e2b7.jpg,308374,91842174797a3a134172af3ed4bad90d7cfd81385e9aae97baccfc6f20fb2b03,1777959248751928400
PU290426-92543339,artifacts,artifacts/PU290426-92543339/v2/attachments/2fb1fac4105faf695d8afa8cc7952b3ca0a9472c.jpg,artifacts/PU290426-92543339/v2/attachments/2fb1fac4105faf695d8afa8cc7952b3ca0a9472c.jpg,v2/attachments/2fb1fac4105faf695d8afa8cc7952b3ca0a9472c.jpg,273394,10c9d257089c39e0c34cc49830ffbc485b1aefe6a0b5e733afd015ed8f297596,1777959248506511301
PU290426-92543339,artifacts,artifacts/PU290426-92543339/v2/attachments/7c9965c0c4da23f39faedaa5abd523f3cf83960a.jpg,artifacts/PU290426-92543339/v2/attachments/7c9965c0c4da23f39faedaa5abd523f3cf83960a.jpg,v2/attachments/7c9965c0c4da23f39faedaa5abd523f3cf83960a.jpg,643270,de917f234f853b52a4f4198e31d59f42d4dc0c0f7c536594e9c1efd4a30bb727,1777959249370010975
PU290426-92543339,artifacts,artifacts/PU290426-92543339/v2/attachments/d176525879ecd486863a5cfada3a29ef6136bdd4.jpg,artifacts/PU290426-92543339/v2/attachments/d176525879ecd486863a5cfada3a29ef6136bdd4.jpg,v2/attachments/d176525879ecd486863a5cfada3a29ef6136bdd4.jpg,248811,a400044e605d4b8a473c90265432988333c7db2a7b99e7e192db9fb9208b2427,1777959248541874690
PU290426-92543339,artifacts,artifacts/PU290426-92543339/v2/attachments/eb47404bec7e47c12c48e61f77424c9a5aeea8c0.jpg,artifacts/PU290426-92543339/v2/attachments/eb47404bec7e47c12c48e61f77424c9a5aeea8c0.jpg,v2/attachments/eb47404bec7e47c12c48e61f77424c9a5aeea8c0.jpg,284996,1602c7eba87297670f92699b1d485b815d334715c1ddeff07cc72903172acbd9,1777959248676429216
PU290426-92543339,artifacts,artifacts/PU290426-92543339/v2/complaint.pdf,artifacts/PU290426-92543339/v2/complaint.pdf,v2/complaint.pdf,191361,d4c045fa9229f457e34d2426b56d35fa271416302f377eb41819424aaeb6b3e4,1777959267265822325
PU290426-92543339,artifacts,artifacts/PU290426-92543339/v2/snapshot.json,artifacts/PU290426-92543339/v2/snapshot.json,v2/snapshot.json,7422,4bb5996c69c35c4781170cd8b711ac74fd771c6da0c119835cb1da812b463448,1777959267272505368
PU290426-92543366,artifacts,artifacts/PU290426-92543366/meta.json,artifacts/PU290426-92543366/meta.json,meta.json,512,25aaa6be3a2118d3d22e86e4055fe1f0893ec96d5ee08e92205d8724a5bc4b64,1777905354467235104
PU290426-92543366,artifacts,artifacts/PU290426-92543366/v1/complaint.pdf,artifacts/PU290426-92543366/v1/complaint.pdf,v1/complaint.pdf,239481,a48a8c75fbdaeb897175ff2861f2a36ec5be1ec085b7995479b804f9a0a6fdcf,1777905354458117472
PU290426-92543366,artifacts,artifacts/PU290426-92543366/v1/snapshot.json,artifacts/PU290426-92543366/v1/snapshot.json,v1/snapshot.json,5307,650d35bca58a253d43e44df84d46a957eb981306f0b4338aab9748f8af4b6b7c,1777905354467124487
PU290426-92543632,artifacts,artifacts/PU290426-92543632/meta.json,artifacts/PU290426-92543632/meta.json,meta.json,520,34c5ce71f4ac5f270b4a719d81a099c28eb2b2e6ae60e8a7590372fe4eb14a09,1777905376246262150
PU290426-92543632,artifacts,artifacts/PU290426-92543632/v1/attachments/2c4acd716f88dcdf33f025f6981f2acfa3859316.jpg,artifacts/PU290426-92543632/v1/attachments/2c4acd716f88dcdf33f025f6981f2acfa3859316.jpg,v1/attachments/2c4acd716f88dcdf33f025f6981f2acfa3859316.jpg,364051,13f9f13d8c707fafc2846ee2896774e6b5607030585c5b03363976b98cf0cc1b,1777905357286526208
PU290426-92543632,artifacts,artifacts/PU290426-92543632/v1/attachments/406e078246fd4952a66165bd053d6349e51911ca.jpg,artifacts/PU290426-92543632/v1/attachments/406e078246fd4952a66165bd053d6349e51911ca.jpg,v1/attachments/406e078246fd4952a66165bd053d6349e51911ca.jpg,444492,b9bda6deaa54cca17bc0a1fc0355a213eeedfe0812d05c45430d158e0e9af036,1777905356478430814
PU290426-92543632,artifacts,artifacts/PU290426-92543632/v1/attachments/62e7701510c1570405264e080db210efe032b926.jpg,artifacts/PU290426-92543632/v1/attachments/62e7701510c1570405264e080db210efe032b926.jpg,v1/attachments/62e7701510c1570405264e080db210efe032b926.jpg,465614,242c744e07ac73661210ea7f98f8c0905a7cfdb0f7e9265897fb1c2b9f8fdc80,1777905356194222824
PU290426-92543632,artifacts,artifacts/PU290426-92543632/v1/attachments/aeda91a24a1d5ef339592327c6ee8a99911bf568.jpg,artifacts/PU290426-92543632/v1/attachments/aeda91a24a1d5ef339592327c6ee8a99911bf568.jpg,v1/attachments/aeda91a24a1d5ef339592327c6ee8a99911bf568.jpg,206221,6fa123219ae073761fb38577f9f0687868bf15589df8439e7b66aa93409bac44,1777905356003831524
PU290426-92543632,artifacts,artifacts/PU290426-92543632/v1/complaint.pdf,artifacts/PU290426-92543632/v1/complaint.pdf,v1/complaint.pdf,181497,dbe9bb248dfbcabac8eb1eebde40a73d860ae05b2fb8890701afb1057042892a,1777905376234599697
PU290426-92543632,artifacts,artifacts/PU290426-92543632/v1/snapshot.json,artifacts/PU290426-92543632/v1/snapshot.json,v1/snapshot.json,4797,b20d6774bd75dca765859cb5ceb442a47c3a94e604be3331ae6e07deb1a3cd1b,1777905376246148593
PU290426-92544562,artifacts,artifacts/PU290426-92544562/meta.json,artifacts/PU290426-92544562/meta.json,meta.json,483,e069925cfa037194fd8a9a7b5e62a2b3426dbc0acd761cc54317c88ba4b80735,1777905397152559163
PU290426-92544562,artifacts,artifacts/PU290426-92544562/v1/attachments/6ffeb166ad6ba9956f90f0e6ebe64a33bc8ccea1.png,artifacts/PU290426-92544562/v1/attachments/6ffeb166ad6ba9956f90f0e6ebe64a33bc8ccea1.png,v1/attachments/6ffeb166ad6ba9956f90f0e6ebe64a33bc8ccea1.png,366798,7d23f0f99a0fd2f4ea571547a97ecfceb6c6ec842ff819a153863467d83a120e,1777905378088897666
PU290426-92544562,artifacts,artifacts/PU290426-92544562/v1/attachments/c91df75e428a9df8b714176600722a4ae1a01b07.aac,artifacts/PU290426-92544562/v1/attachments/c91df75e428a9df8b714176600722a4ae1a01b07.aac,v1/attachments/c91df75e428a9df8b714176600722a4ae1a01b07.aac,276133,6fdd15896e81fb79ee9e2d583813343dff3ffa8340910c7668f6c0a7eff88fa2,1777905378079433123
PU290426-92544562,artifacts,artifacts/PU290426-92544562/v1/complaint.pdf,artifacts/PU290426-92544562/v1/complaint.pdf,v1/complaint.pdf,240524,70a832e60fc8be597f32c1ccefa4cd0ca3bde05c2bfe2c0b70eda32c85ecec8f,1777905397139959983
PU290426-92544562,artifacts,artifacts/PU290426-92544562/v1/snapshot.json,artifacts/PU290426-92544562/v1/snapshot.json,v1/snapshot.json,6140,0fc16b6f08f04d0b10b7c1019f720099b4c28113a48c3ced82f4b9586d615440,1777905397152396268
